{
  "panels": [
    {
      "id": 3,
      "startX": 0,
      "startY": 0,
      "width": 28,
      "height": 7,
      "ip": "10.0.1.222",
      "rxPort": 5001
    },
    {
      "id": 4,
      "startX": 0,
      "startY": 7,
      "width": 28,
      "height": 7,
      "ip": "10.0.1.222",
      "rxPort": 5001
    },
    {
      "id": 5,
      "startX": 28,
      "startY": 0,
      "width": 28,
      "height": 7,
      "ip": "10.0.1.222",
      "rxPort": 5001
    },
    {
      "id": 6,
      "startX": 28,
      "startY": 7,
      "width": 28,
      "height": 7,
      "ip": "10.0.1.222",
      "rxPort": 5001
    }
  ],
  "comPort": "COM6",
  "rxAddresses": [
    {
      "ip": "10.0.1.222",
      "port": 5001
    }
  ],
  "baudRate": 57600,
  "parity": 0,
  "dataBits": 8,
  "stopBits": 1,
  "lineStride": 56
}
